{
    "train_losses": [
        1.4321731402726297,
        0.7534180248860286,
        0.5729445386449019,
        0.4767645774714082,
        0.4184811001791892
    ],
    "train_accuracies": [
        0.5050061719928679,
        0.7579207241804965,
        0.8203264298450144,
        0.8481689754491839,
        0.8702509943766287
    ],
    "validation_losses": [
        0.4940682234635888,
        0.3187424304753546,
        0.24379009971531757,
        0.21610130399224217,
        0.18981080908252912
    ],
    "validation_accuracies": [
        0.8684603886397608,
        0.9088191330343797,
        0.9322371699053313,
        0.9362232187344295,
        0.9466865969108121
    ]
}