{
    "train_losses": [
        4.161738744021945,
        2.409934326703353,
        2.1879585005553794,
        1.8639428183938278,
        1.550418912841884,
        1.3714981270108362,
        1.1904235330183683,
        1.1904161202747738,
        1.1197250157965863,
        1.049718213391262,
        0.9682211694472634,
        0.9265612696483493,
        0.8843922218426024,
        0.8449871773617623,
        0.81836423148274,
        0.756975839635791,
        0.7602656574304523,
        0.7956987111761182,
        0.7097608902160217,
        0.721057709504783,
        0.7020223448540887,
        0.6930240209289434,
        0.6622793916794125,
        0.6189582002623455,
        0.6130239728492621,
        0.6185209795460034,
        0.5566294794982615,
        0.5667571545772606,
        0.5905490495189123,
        0.5426956951277527,
        0.5091488516734004,
        0.5668997473629015,
        0.523357352661617,
        0.5318405053061257,
        0.5282849510572827,
        0.4970235600160159,
        0.5065374035934112,
        0.4980243466142487,
        0.5013011099888343,
        0.4725834825000416,
        0.44312858055996507,
        0.46874613962325323,
        0.4731944222377294,
        0.47148027724374003,
        0.42283978760133156,
        0.3671635773816447,
        0.3947968517272747,
        0.39740072029782736,
        0.42297850293623057,
        0.39759169682032436,
        0.40398675102343884,
        0.3607407529911073,
        0.37114506519676227,
        0.37834495770381865,
        0.34879163835765165,
        0.40346449440368365,
        0.3297682770280558,
        0.3649819892143342,
        0.3662549374465042,
        0.3105799756698189,
        0.34185873717458165,
        0.3312534850208317,
        0.35225588993786033,
        0.3415410910065058,
        0.3328017840402575,
        0.30316530593819746,
        0.29370561564361564,
        0.3538988926806102,
        0.3094608794694963,
        0.29265587232021434,
        0.28702040873715606,
        0.3222505441181892,
        0.32813987694169083,
        0.2864978381389566,
        0.26745840939459725,
        0.2707136392654406,
        0.30174074980236404,
        0.27552514153629204,
        0.31855009270332063,
        0.3114448702811234
    ],
    "train_accuracies": [
        0.2888492662186257,
        0.5446440817446166,
        0.6881086270744754,
        0.7769853243725141,
        0.8181319434919764,
        0.8454258675078864,
        0.8662734878617474,
        0.874365656288575,
        0.8777945412151968,
        0.8931559456864627,
        0.9000137155397064,
        0.905911397613496,
        0.9100260595254424,
        0.9155122754080373,
        0.913729255246194,
        0.9175696063640104,
        0.925661774790838,
        0.9255246193937732,
        0.9281305719380057,
        0.9293649705115896,
        0.9332053216294062,
        0.9314223014675628,
        0.9378686051296119,
        0.9316966122616925,
        0.9374571389384172,
        0.9370456727472226,
        0.9404745576738445,
        0.941023179262104,
        0.9389658483061308,
        0.9439034426004663,
        0.9462350843505692,
        0.9455493073652448,
        0.94541215196818,
        0.9496639692771911,
        0.9477437937182828,
        0.948566726100672,
        0.9450006857769854,
        0.9500754354683857,
        0.9489781922918666,
        0.9535043203950075,
        0.95076121245371,
        0.9513098340419696,
        0.9552873405568509,
        0.9526813880126183,
        0.9546015635715266,
        0.9565217391304348,
        0.9537786311891373,
        0.9543272527773968,
        0.9570703607186943,
        0.9580304484981484,
        0.9567960499245646,
        0.960636401042381,
        0.9567960499245646,
        0.9602249348511864,
        0.957344671512824,
        0.9583047592922781,
        0.9598134686599917,
        0.9624194212042244,
        0.9620079550130297,
        0.9652996845425867,
        0.9604992456453162,
        0.9644767521601975,
        0.9620079550130297,
        0.9622822658071595,
        0.960636401042381,
        0.9633795089836785,
        0.9636538197778083,
        0.9646139075572624,
        0.9657111507337813,
        0.9636538197778083,
        0.9625565766012892,
        0.9666712385132354,
        0.9657111507337813,
        0.9676313262926897,
        0.9695515018515979,
        0.9687285694692086,
        0.9663969277191058,
        0.9662597723220409,
        0.9652996845425867,
        0.9654368399396516
    ],
    "validation_losses": [
        0.9402239000180337,
        0.4961530604918755,
        0.40046311697408915,
        0.3248035875820563,
        0.3538888062295503,
        0.2691509745631201,
        0.4024157182200091,
        0.3487459612777823,
        0.35134500074097164,
        0.26258757822254974,
        0.25657504816124904,
        0.2616397891513175,
        0.13715536972485545,
        0.35075148089830444,
        0.24617208754974038,
        0.19533061067925703,
        0.24162596001102435,
        0.1829116511444496,
        0.1653038062015592,
        0.23897724499750034,
        0.18608540207657645,
        0.20720605476547904,
        0.2121673753366521,
        0.1909948605308278,
        0.14945591099910793,
        0.14673742515313545,
        0.25612739536712414,
        0.16773062646710596,
        0.15409196798458308,
        0.18667998916944947,
        0.14567934911420913,
        0.12864030646495034,
        0.17738677844182962,
        0.20486385509224245,
        0.18634695146492541,
        0.18873114327762527,
        0.16545868896850832,
        0.14172793912693168,
        0.16761941714575837,
        0.1626587633854377,
        0.18154933867851714,
        0.1296640867740338,
        0.13462378818966403,
        0.13686403380967185,
        0.11807455106700249,
        0.10857575023734485,
        0.14263190888653035,
        0.15676131746340194,
        0.11720992292756385,
        0.09024327621875208,
        0.0978942163424432,
        0.09179876170156649,
        0.06855065282065548,
        0.09784919881506796,
        0.09086488935519349,
        0.11999848763704661,
        0.12359769456363953,
        0.12643264430359508,
        0.11299747831756847,
        0.1528270593173131,
        0.09289580836373727,
        0.1171710615283691,
        0.084208872093872,
        0.09745965932321972,
        0.0951447807154918,
        0.12262356222818671,
        0.10075041180897437,
        0.07852153756238939,
        0.0946784459546363,
        0.10251439474600026,
        0.09898581461982593,
        0.09924520958909018,
        0.08195699285829532,
        0.10687514647362885,
        0.09543044839720943,
        0.10943916667986649,
        0.08138330003720116,
        0.10804128128155624,
        0.09556365242826279,
        0.10777044048776697
    ],